key,en,gl,gu,el,nl,ne,no,da,de,lo,lv,ru,ro,lt,mr,mk,ml,ms,ms,mn,eu,my,vi,be,bn,bg,sr,sw,sv,es,sk,sl,si,ar,hy,is,az,af,sq,am,et,en,ur,uk,it,id,ja,ka,zu,zh-CN,zh-TW,zh-HK,cs,kk,ca,kn,hr,km,ky,ta,th,tr,te,pa,fa,pt,pl,fr,fi,fil,ko,hu,iw,hi
formula_name,Please specify a name of the formula to be saved,Especifique un nome da fórmula a gardar,કૃપા કરીને સચવા માટે ફોર્મ્યુલાનું નામ સ્પષ્ટ કરો,Καθορίστε ένα όνομα του τύπου που θα αποθηκευτεί,Geef een naam op van de formule die moet worden opgeslagen,कृपया बचत गर्न सूत्रको नाम निर्दिष्ट गर्नुहोस्,Vennligst spesifiser et navn på formelen som skal lagres,"Angiv venligst et navn på formlen, der skal gemmes","Bitte geben Sie einen Namen der Formel an, die gespeichert werden soll",ກະລຸນາລະບຸຊື່ຂອງສູດທີ່ຈະໄດ້ຮັບຄວາມລອດ,"Lūdzu, norādiet nosaukumu formulu, kas jāsaglabā","Пожалуйста, укажите имя формулы, которая будет сохранена",Specificați un nume al formulei care trebuie salvat,Nurodykite išsaugoto formulės pavadinimą,कृपया जतन करण्यासाठी सूत्राचे नाव निर्दिष्ट करा,Ве молиме наведете име на формулата за зачувување,സംരക്ഷിക്കേണ്ട സൂത്രവാക്യത്തിന്റെ പേര് ദയവായി വ്യക്തമാക്കുക,Sila nyatakan nama formula yang akan disimpan,Sila nyatakan nama formula yang akan disimpan,Хадгалагдахын тулд томъёоны нэрийг тодорхойлно уу,"Mesedez, zehaztu gorde beharreko formularen izena",သိမ်းဆည်းထားရန်ပုံသေနည်း၏အမည်ကိုဖော်ပြပါ,Vui lòng chỉ định tên của công thức sẽ được lưu,"Калі ласка, пакажыце імя формулы, каб выратавацца",সংরক্ষণ করার জন্য সূত্রের একটি নাম উল্লেখ করুন,"Моля, посочете името на формулата, която трябва да бъде запазена",Молимо наведите име формуле која ће се сачувати,Tafadhali taja jina la formula kuokolewa,Ange ett namn på formeln som ska sparas,"Por favor, especifique un nombre de la fórmula para ser guardado","Uveďte názov vzorca, ktorý sa má uložiť","Navedite ime formule, ki jo želite shraniti",සුරැකීම සඳහා කරුණාකර සූත්රයේ නමක් සඳහන් කරන්න,يرجى تحديد اسم الصيغة المراد حفظها,Նշեք պահելու բանաձեւի անունը,Vinsamlegast tilgreindu heiti formúlunnar sem á að vera vistuð,Xahiş edirəm xilas olmaq üçün düsturun adını göstərin,Spesifiseer asseblief 'n naam van die formule wat gestoor moet word,Ju lutemi specifikoni një emër të formulës për t'u shpëtuar,እባክዎን ለመዳን የቀመርን ስም ይግለጹ,Palun täpsustage salvestatud valemi nimi,Please specify a name of the formula to be saved,براہ کرم فارمولہ کا نام محفوظ کرنے کے لئے وضاحت کریں,"Будь ласка, вкажіть назву формули, яку потрібно зберегти",Si prega di specificare un nome della formula da salvare,Silakan tentukan nama formula yang akan disimpan,保存する式の名前を指定してください,"გთხოვთ, მიუთითოთ ფორმულის სახელი, რომელიც შენახულია",Sicela usho igama lefomula ukuze lisindiswe,请指定要保存的公式的名称,請指定要保存的公式的名稱,請指定要保存的公式的名稱,"Uveďte prosím název vzorce, které mají být uloženy",Сақталатын формула атауын көрсетіңіз,Especifiqueu un nom de la fórmula que s'ha de desar,ದಯವಿಟ್ಟು ಉಳಿಸಲು ಸೂತ್ರದ ಹೆಸರನ್ನು ನಿರ್ದಿಷ್ಟಪಡಿಸಿ,Navedite naziv formule za spremanje,សូមបញ្ជាក់ឈ្មោះរូបមន្តដែលត្រូវរក្សាទុក,"Сураныч, сакталуучу формуланын аталышы белгилеңиз",சேமிக்கப்படும் சூத்திரத்தின் பெயரை குறிப்பிடவும்,โปรดระบุชื่อของสูตรที่จะบันทึก,Lütfen kaydedilecek formülün bir adını belirtin,దయచేసి ఫార్ములా యొక్క పేరును సేవ్ చేయమని పేర్కొనండి,ਸੁਰੱਖਿਅਤ ਕਰਨ ਲਈ ਫਾਰਮੂਲੇ ਦਾ ਇੱਕ ਨਾਮ ਦੱਸੋ,لطفا نام فرمول را ذخیره کنید,"Por favor, especifique um nome da fórmula a ser salva","Proszę podać nazwę formuły, która ma zostać zapisana",Veuillez spécifier un nom de la formule à enregistrer,Määritä tallennettavan kaavan nimi,Mangyaring tukuyin ang isang pangalan ng formula upang mai-save,저장할 수식의 이름을 지정하십시오.,"Kérjük, adja meg a mentendő képlet nevét",ציין שם של הנוסחה שישמרו,कृपया सहेजने के लिए सूत्र का नाम निर्दिष्ट करें
ok,OK,Ok,બરાબર,Εντάξει,Oke,ठिक छ,OK,Okay,OK,ຕົກ​ລົງ,labi,Ok,Bine,Gerai,ठीक आहे,добро,ശരി,okey,okey,БОЛЖ БАЙНА УУ,Ados,အိုကေ,VÂNG,добра,ঠিক আছে,Добре,У реду,sawa,OK,OK,V poriadku,v redu,හරි,نعم,լավ,Allt í lagi,tamam,Ok,Ne rregull,እሺ,Okei,OK,ٹھیک ہے,в порядку,ok,oke,わかった,კარგი,KULUNGILE,好的,好的,好的,OK,ЖАРАЙДЫ МА,D'acord,ಸರಿ,u redu,យល់ព្រម,Макул,சரி,ตกลง,Tamam,అలాగే,ਠੀਕ ਹੈ,خوب,OK,ok,d'accord,Ok,Ok.,좋아요,rendben,בסדר,ठीक है
error,Error,Erro.,ભૂલ,Λάθος,Fout,त्रुटि,Feil,Fejl,Fehler,ຜິດ,Kļūda,Ошибка,Eroare,Klaida,त्रुटी,ГРЕШКА,പിശക്,Kesilapan,Kesilapan,Алдаа,Errakuntza,အမှား,Lỗi,Памылка,ত্রুটি,Грешка,Грешка,Hitilafu,Fel,Error,Chyba,Napaka,දෝෂයකි,خطأ,Սխալ,Villa.,Səhv,Fout,Gabim,ስህተት,Viga,Error,غلطی,Помилка,Errore,Kesalahan,エラー,შეცდომა,Ukuphambeka,错误,錯誤,錯誤,Chyba,Қателік,Error,ದೋಷ,Pogreška,កមហុស,Ката,பிழை,ข้อผิดพลาด,Hata,లోపం,ਗਲਤੀ,خطا,Erro,Błąd,Erreur,Virhe,ERROR.,오류,Hiba,שְׁגִיאָה,त्रुटि
please_specify,Please specify a formula name,Especifique un nome de fórmula,કૃપા કરીને ફોર્મ્યુલા નામનો ઉલ્લેખ કરો,Προσδιορίστε ένα όνομα φόρμουλα,Geef een formule-naam op,कृपया एक सूत्र नाम निर्दिष्ट गर्नुहोस्,Vennligst spesifiser et formelnavn,Angiv venligst et formelnavn,Bitte geben Sie einen Formelamen an,ກະລຸນາລະບຸຊື່ສູດ,"Lūdzu, norādiet formulas nosaukumu","Пожалуйста, укажите имя формулы",Specificați un nume de formulă,Nurodykite formulės pavadinimą,कृपया फॉर्म्युला नाव निर्दिष्ट करा,Ве молиме наведете го името на формулата,ഒരു ഫോർമുല നാമം വ്യക്തമാക്കുക,Sila nyatakan nama formula,Sila nyatakan nama formula,Томъёог нэрийг тодорхойлно уу,"Mesedez, zehaztu formula izen bat",ကျေးဇူးပြု. ဖော်မြူလာနာမည်ကိုဖော်ပြပါ,Vui lòng chỉ định tên công thức,"Калі ласка, пакажыце формуле імя",একটি সূত্র নাম উল্লেখ করুন,"Моля, посочете името на формула",Молимо наведите име формуле,Tafadhali taja jina la formula.,Ange ett formelnamn,"Por favor, especifique un nombre de fórmula",Uveďte názov vzorca,Navedite ime formule,කරුණාකර සූත්ර නාමයක් සඳහන් කරන්න,يرجى تحديد اسم الصيغة,Նշեք բանաձեւի անունը,Vinsamlegast tilgreindu formúluheiti,Zəhmət olmasa bir formul adını göstərin,Spesifiseer asseblief 'n formule naam,Ju lutemi specifikoni një emër të formulës,እባክዎን ቀመር ስም ይጥቀሱ,Palun täpsustage valemi nimi,Please specify a formula name,براہ کرم فارمولہ کا نام بیان کریں,Вкажіть назву формули,Si prega di specificare un nome di formula,Silakan tentukan nama formula,式名を指定してください,გთხოვთ მიუთითოთ ფორმულის სახელი,Sicela usho igama lefomula,请指定公式名称,請指定公式名稱,請指定公式名稱,Uveďte prosím název vzorce,Формула атауын көрсетіңіз,Especifiqueu un nom de fórmula,ದಯವಿಟ್ಟು ಫಾರ್ಮುಲಾ ಹೆಸರನ್ನು ಸೂಚಿಸಿ,Navedite naziv formule,សូមបញ្ជាក់ឈ្មោះរូបមន្ត,"Сураныч, формуланын аталышы белгилеңиз",ஒரு ஃபார்முலா பெயரை குறிப்பிடவும்,โปรดระบุชื่อสูตร,Lütfen bir formül adını belirtin,దయచేసి ఫార్ములా పేరును పేర్కొనండి,ਕਿਰਪਾ ਕਰਕੇ ਫਾਰਮੂਲਾ ਨਾਮ ਦੱਸੋ,لطفا نام فرمول را مشخص کنید,"Por favor, especifique um nome de fórmula",Określ nazwę formuł,Veuillez spécifier un nom de formule,Määritä kaava nimi,Mangyaring tukuyin ang isang pangalan ng formula.,수식 이름을 지정하십시오,"Kérjük, adja meg a képlet nevét",ציין שם נוסחה,कृपया एक सूत्र का नाम निर्दिष्ट करें
settings,Settings,Configuración,ગોઠવણીઓ,Ρυθμίσεις,Instellingen,बतंग,Innstillinger,Indstillinger.,Einstellungen,ການກໍານົດ,Iestatījumi,Настройки,Setări.,Nustatymai. \ T,सेटिंग्ज,Поставки,ക്രമീകരണങ്ങൾ,Tetapan,Tetapan,Тохиргоо,Ezarpen,ဆက်တင်များ,Cài đặt,Налада,সেটিংস,Настройки,Подешавања,Mipangilio,inställningar,Ajustes,nastavenie,Nastavitve,සැකසුම්,إعدادات,Կարգավորումներ,Stillingar,Parametrlər,Instelling,Parametrat,ቅንብሮች,Seaded,Settings,ترتیبات,Налаштування,Impostazioni,Pengaturan,設定,შეხვედრა,Amasethingi,设置,設置,設置,Nastavení,Параметрлер,Parada,ಸಂಯೋಜನೆಗಳು,Postavke,ការកំណត់,Жөндөөлөр,அமைப்புகள்,การตั้งค่า,Ayarlar,సెట్టింగులు,ਸੈਟਿੰਗਜ਼,تنظیمات,Definições,Ustawienia,Paramètres,asetukset,Mga setting,설정,Beállítások,הגדרות,समायोजन
success,Success,Éxito,સફળતા,Επιτυχία,Succes,सफलता,Suksess,Succes,Erfolg,ຄວາມ​ສໍາ​ເລັດ,Panākumi,Успех,Succes,Sėkmė,यश,УСПЕХ,പിന്തുടര്ച്ച,Kejayaan,Kejayaan,Амжилт,Arrakasta,အောင်မြင်ခြင်း,Sự thành công,Поспех,সাফল্য,Успех,Успех,Mafanikio,Framgång,Éxito,Úspech,Uspeh.,සාර්ථකත්වය,النجاح,Հաջողություն,Árangur,Müvəffəqiyyət,Sukses,Sukses,ስኬት,Edu,Success,کامیابی,Успіх,Successo,Kesuksesan,成功,წარმატება,Impumelelo,成功,成功,成功,Úspěch,Жетістік,Èxit,ಯಶಸ್ಸು,Uspjeh,ចោកច័យ,Ийгилик,வெற்றி,ความสำเร็จ,Başarı,విజయం,ਸਫਲਤਾ,موفقیت,Sucesso,Powodzenie,Succès,Menestys,Tagumpay,성공,Siker,הַצלָחָה,सफलता
cannot_store,Cannot store more than 10 formulas,Non pode almacenar máis de 10 fórmulas,10 ફોર્મ્યુલાથી વધુ સંગ્રહિત કરી શકતા નથી,Δεν μπορεί να αποθηκεύσει περισσότερους από 10 τύπους,Kan niet meer dan 10 formules opslaan,10 भन्दा बढी सूत्रहरू भण्डार गर्न सक्दैन,Kan ikke lagre mer enn 10 formler,Kan ikke gemme mere end 10 formler,Kann nicht mehr als 10 Formeln gespeichert werden,ບໍ່ສາມາດເກັບໄດ້ຫຼາຍກ່ວາ 10 ສູດ,Nevar saglabāt vairāk nekā 10 formulas,Не может хранить более 10 формул,Nu pot stoca mai mult de 10 formule,Negali saugoti daugiau nei 10 formulių,10 पेक्षा जास्त सूत्रांची साठवण करू शकत नाही,Не може да складира повеќе од 10 формули,10 ൽ കൂടുതൽ സൂത്രവാക്യങ്ങൾ സൂക്ഷിക്കാൻ കഴിയില്ല,Tidak boleh menyimpan lebih daripada 10 formula,Tidak boleh menyimpan lebih daripada 10 formula,10-аас дээш томъёог хадгалах боломжгүй,Ezin da 10 formula baino gehiago gorde,ထက်ပို fingulas ထက်ပိုမသိမ်းဆည်းနိုင်ပါ,Không thể lưu trữ nhiều hơn 10 công thức,Не можа захоўваць больш за 10 формул,10 টির বেশি সূত্র সংরক্ষণ করতে পারবেন না,Не може да съхранява повече от 10 формула,Не може да смешта више од 10 формула,Haiwezi kuhifadhi formula zaidi ya 10.,Kan inte lagra mer än 10 formler,No se puede almacenar más de 10 fórmulas.,Nemôže uchovávať viac ako 10 vzorcov,Ne more shraniti več kot 10 formul,සූත්ර 10 කට වඩා ගබඩා කළ නොහැක,لا يمكن تخزين أكثر من 10 صيغ,Չի կարող պահպանել ավելի քան 10 բանաձեւ,Ekki er hægt að geyma meira en 10 formúlur,10-dan çox düstur saxlaya bilmir,Kan nie meer as 10 formules stoor nie,Nuk mund të ruajë më shumë se 10 formula,ከ 10 በላይ ቀመሮችን ማከማቸት አይቻልም,Ei saa salvestada rohkem kui 10 valemit,Cannot store more than 10 formulas,10 سے زائد فارمولوں کو ذخیرہ نہیں کر سکتے ہیں,Не може зберігати більше 10 формул,Non è possibile memorizzare più di 10 formule,Tidak dapat menyimpan lebih dari 10 formula,10の式を保存できません,არ შეიძლება 10-ზე მეტი ფორმულის შენახვა,Ayikwazi ukugcina amafomula angaphezu kwe-10,无法存储超过10个公式,無法存儲超過10個公式,無法存儲超過10個公式,Nemůže uložit více než 10 vzorců,10-нан астам формуланы сақтау мүмкін емес,No es pot emmagatzemar més de 10 fórmules,10 ಕ್ಕೂ ಹೆಚ್ಚು ಸೂತ್ರಗಳನ್ನು ಸಂಗ್ರಹಿಸಲು ಸಾಧ್ಯವಿಲ್ಲ,Ne može pohraniti više od 10 formula,មិនអាចរក្សាទុករូបមន្តច្រើនជាង 10 ទេ,10дон ашык формуланы сактай албайт,10 க்கும் மேற்பட்ட சூத்திரங்களை சேமிக்க முடியாது,ไม่ควรเก็บสูตรมากกว่า 10 สูตร,10'dan fazla formül depolamıyor,10 కంటే ఎక్కువ సూత్రాలను నిల్వ చేయలేరు,10 ਤੋਂ ਵੱਧ ਫਾਰਮੂਲੇ ਸਟੋਰ ਨਹੀਂ ਕਰ ਸਕਦਾ,نمی تواند بیش از 10 فرمول را ذخیره کند,Não é possível armazenar mais de 10 fórmulas,Nie może przechowywać więcej niż 10 formuł,Ne peut pas stocker plus de 10 formules,Yli 10 kaavaa ei voi tallentaa,Hindi maaaring mag-imbak ng higit sa 10 mga formula,10 개 이상의 수식을 저장할 수 없습니다,Nem tud több mint 10 képletet tárolni,לא יכול לאחסן יותר מ 10 נוסחאות,10 से अधिक सूत्रों को स्टोर नहीं कर सकते
formula_saved,Formula saved successfully,Fórmula gardada con éxito,ફોર્મ્યુલા સફળતાપૂર્વક સાચવ્યું,Ο τύπος αποθηκεύτηκε με επιτυχία,Formule succesvol opgeslagen,सूत्र सफलतापूर्वक बचत,Formelen lagret vellykket,Formula gemt succesfuldt,Erfolgreiche Formel erfolgreich gespeichert,ສູດທີ່ຖືກບັນທຶກຢ່າງສໍາເລັດຜົນ,Formula veiksmīgi saglabāta,Формула сохранена успешно,Formula salvată cu succes,Formulė sėkmingai išsaugota.,फॉर्म्युला यशस्वीरित्या जतन केले,Формулата успешно спаси,ഫോർമുല വിജയകരമായി സംരക്ഷിച്ചു,Formula disimpan dengan jayanya,Formula disimpan dengan jayanya,Томъёо амжилттай хадгалсан,Formula arrakastaz gorde da,ဖော်မြူလာအောင်မြင်စွာစုဆောင်းခဲ့သည်,Công thức tiết kiệm thành công,Формула захаваны паспяхова,সূত্র সফলভাবে সংরক্ষিত,Формула е спасена успешно,Формула је успешно сачувана,Formula imehifadhiwa kwa mafanikio.,Formulär sparas framgångsrikt,Fórmula guardada con éxito,Receptor úspešne uložil,Formula je uspešno shranjena,සූත්රය සාර්ථකව සුරකින ලදි,صيغة محفوظة بنجاح,Բանաձեւը հաջողությամբ փրկվեց,Formúla vistuð með góðum árangri,Formula uğurla qeyd edildi,Formule suksesvol gered,Formula u ruajt me sukses,ቀመር በተሳካ ሁኔታ ተቋቁሟል,Valem salvestatud edukalt salvestatud,Formula saved successfully,فارمولہ کامیابی سے بچا لیا,Формула зберегла успішно,Formula salvata con successo,Formula berhasil diselamatkan,式は正常に保存されました,ფორმულა გადაარჩინა წარმატებით,Ifomula eligciniwe ngempumelelo,公式成功保存,公式成功保存,公式成功保存,Formule úspěšně uložil,Формула сәтті сақталды,La fórmula va salvar correctament,ಫಾರ್ಮುಲಾ ಯಶಸ್ವಿಯಾಗಿ ಉಳಿಸಲಾಗಿದೆ,Formula je uspješno spremala,រូបមន្តបានរក្សាទុកដោយជោគជ័យ,Формула ийгиликтүү сакталды,சூத்திரம் வெற்றிகரமாக சேமிக்கப்பட்டது,บันทึกสูตรสำเร็จแล้ว,Formula başarıyla kaydedildi,ఫార్ములా విజయవంతంగా సేవ్ చేయబడింది,ਫਾਰਮੂਲਾ ਸਫਲਤਾਪੂਰਵਕ ਬਚਾਇਆ ਗਿਆ,فرمول با موفقیت ذخیره شد,Fórmula salva com sucesso,Formuła zapisana pomyślnie,Formule sauvée avec succès,Kaava tallensi onnistuneesti,Matagumpay na na-save ang formula,수식이 성공적으로 저장되었습니다,A képlet sikeresen mentett,נוסחה הצילה בהצלחה,फॉर्मूला सफलतापूर्वक सहेजा गया
cancel,CANCEL,Cancelar.,રદ કરવું,ΜΑΤΑΙΩΣΗ,ANNULEER,रद्द गर्नु,AVBRYT,AFBESTILLE,ABBRECHEN,ຍົກເລີກ,Atcelt,ОТМЕНА,ANULARE,Atšaukti,रद्द करा,Откажи,റദ്ദാക്കുക,Membatalkan,Membatalkan,Цуаах,Indargabetu,ပျက်စေ,SỰ HỦY BỎ,Ануляваць,বাতিল করুন,Отказ,"ПОНИШТИТИ, ОТКАЗАТИ",Futa.,AVBRYT,CANCELAR,ZRUŠIŤ,Prekliči,අවලංගු කරන්න,إلغاء,Չեղարկել,Hætta við,Ləğv etmək,Kanselleer,Anuloj,ይቅር,Tühistama,CANCEL,منسوخ,Скасувати,ANNULLA,MEMBATALKAN,キャンセル,გაუქმება,Hlikihla,取消,取消,取消,ZRUŠENÍ,Күшін жою,CANCEL · LAR,ರದ್ದುಮಾಡು,OTKAZATI,លប់ចោល,Жокко чыгаруу,ரத்துசெய்,ยกเลิก,İPTAL ETMEK,రద్దు చేయండి,ਰੱਦ ਕਰੋ,لغو کردن,CANCELAR,ANULUJ,ANNULER,PERUUTTAA,Kanselahin,취소,MEGSZÜNTETI,לְבַטֵל,रद्द करना
close,close,preto,બંધ,Κλείσε,dichtbij,घनिष्ट,Lukk,tæt,nah dran,ປິດ,aizvērt,близко,închide,Uždaryti,बंद,Затвори,അടയ്ക്കുക,tutup,tutup,ойр дөхөм,hurbileko,ပိတ်ထားသော,gần,зачыняць,বন্ধ,близо,Близу,karibu,stänga,cerrar,Zavrieť,Zapri,වසන්න,أغلق,փակել,nærri,yaxın,naby,afër,ገጠመ,Sulge,close,بند کریں,близький,chiudere,Menutup,選ぶ,დაკეტვა,ngokuminyanisa,关闭,關閉,關閉,zavřít,жабық,Tanca,ಮುಚ್ಚು,Zatvoriti,បិត,жабуу,நெருக்கமான,ปิด,kapat,దగ్గరగా,ਨੇੜੇ,بستن,fechar,blisko,proche,kiinni,malapit,닫다,Bezárás,סגור,बंद करे
alert,alert,alerta,ચેતવણી,συναγερμός,alert,सतर्क गराउनु,varsling,alert,Alarm,ສົ່ງເຕືອນ,brīdinājums,тревога,alerta,budrus,अलर्ट,Предупредување,ജാഗതയുള്ള,amaran,amaran,соргог байх,erne,တိုက်ခိုက်ရန်အသင့်ရှိခြင်း,báo động,трывога,সতর্কতা,тревога,упозорити,Tahadhari,varna,alerta,upozorniť,opozorilo,අනතුරු ඇඟවීම,إنذار,ահ,viðvörun,xəbərdarlıq,waaksaam,alarm,ማንቂያ,hoiatama,alert,انتباہ,сповіщення,mettere in guardia,peringatan,警戒している,განგაში,-hlakaniphile,警报,警報,警報,výstražný,дабыл,alerta,ಎಚ್ಚರಿಕೆ,upozorenje,ផាបរបុងចើងការ,эскертүү,எச்சரிக்கை,เตือน,Alarm,హెచ్చరిక,ਚੇਤਾਵਨੀ,هشدار,alerta,alarm,alerte,hälytys,alerto,알리다,éber,עֵרָנִי,चेतावनी
load_this,load this formula?,Cargar esta fórmula?,આ ફોર્મ્યુલા લોડ કરો છો?,φορτώστε αυτόν τον τύπο;,Laad deze formule?,यो सूत्र लोड?,Legg denne formelen?,Indlæs denne formel?,Diese Formel laden?,ໂຫລດສູດນີ້ບໍ?,Ievietojiet šo formulu?,Загрузите эту формулу?,încărcați această formulă?,Įdėkite šią formulę?,हे सूत्र लोड?,Вчитај ја оваа формула?,ഈ സൂത്രവാക്യം ലോഡുചെയ്യുക?,Muatkan formula ini?,Muatkan formula ini?,Энэ томъёог ачаалах уу?,Formula hau kargatu?,ဒီပုံသေနည်းကို load?,Tải công thức này?,Загрузіце гэтую формулу?,এই সূত্র লোড?,заредете тази формула?,оптеретити ову формулу?,Weka fomu hii?,Ladda den här formeln?,cargar esta fórmula?,Vložte tento vzorec?,naložite to formulo?,මෙම සූත්රය පටවන්න?,تحميل هذه الصيغة؟,Բեռնեք այս բանաձեւը:,Hlaða þessari formúlu?,Bu düsturu yükləyin?,Laai hierdie formule?,Ngarko këtë formulë?,ይህንን ቀመር ጫን?,Laadige see valem?,load this formula?,اس فارمولا کو لوڈ کریں؟,Завантажте цю формулу?,Carica questa formula?,Muat formula ini?,この式をロードしますか？,ამ ფორმულის ჩატვირთვა?,Layisha le formula?,加载此配方？,加載此配方？,加載此配方？,naložte tento vzorec?,Бұл формуланы салыңыз ба?,Carregueu aquesta fórmula?,ಈ ಸೂತ್ರವನ್ನು ಲೋಡ್ ಮಾಡಿ?,učitati ovu formulu?,ផ្ទុករូបមន្តនេះ?,Бул формуланы жүктөө?,இந்த சூத்திரத்தை ஏற்றவா?,โหลดสูตรนี้หรือไม่,Bu formülü yüklenebilir mi?,ఈ ఫార్ములాను లోడ్ చేయాలా?,ਇਸ ਫਾਰਮੂਲੇ ਨੂੰ ਲੋਡ ਕਰੋ?,بارگذاری این فرمول؟,carregar esta fórmula?,Załaduj tę formułę?,charger cette formule?,Lataa tämä kaava?,load ang formula na ito?,이 수식을로드 하시겠습니까?,Töltse be ezt a képletet?,לטעון נוסחה זו?,इस सूत्र को लोड करें?
formula_loaded,Formula loaded successfully,Fórmula cargada correctamente,ફોર્મ્યુલા સફળતાપૂર્વક લોડ,Ο φόρμουλα φορτώθηκε με επιτυχία,Formule is succesvol geladen,सूत्र सफलतापूर्वक,Formel lastet vellykket,Formula loaded succes,Erfolgreiche Formel geladen,ສູດທີ່ຖືກໂຫລດມາຢ່າງສໍາເລັດຜົນ,Veiksmīgi ielādēta formula,Формула загружена успешно,Formula încărcată cu succes,Formulė sėkmingai įkelta,फॉर्म्युला यशस्वीरित्या लोड केले,Формулата е вчитана успешно,ഫോർമുല വിജയകരമായി ലോഡുചെയ്തു,Formula dimuatkan dengan jayanya,Formula dimuatkan dengan jayanya,Томъёо амжилттай ачсан,Formula ondo kargatuta,ဖော်မြူလာအောင်မြင်စွာတင်ဆောင်,Công thức được tải thành công,Формула паспяхова загружаецца,সূত্র সফলভাবে লোড,Формулата е натоварена успешно,Формула је успешно учитана,Formula kubeba mafanikio.,Formel laddad framgångsrikt,Fórmula cargada con éxito,Úspešne,Formula je uspešno naložena,සූත්ර සාර්ථකව පටවා ඇත,صيغة تحميل بنجاح,Բանաձեւը հաջողությամբ բեռնված է,Formúla hlaðinn með góðum árangri,Formula uğurla yüklənir,Formule suksesvol gelaai,Formula e ngarkuar me sukses,ቀመር በተሳካ ሁኔታ ተጭኗል,Valem on edukalt laadinud,Formula loaded successfully,فارمولہ کامیابی سے بھرا ہوا,Формула завантажена успішно,Formula caricata con successo,Formula berhasil dimuat,式が正常にロードされました,ფორმულა დატვირთული წარმატებით,Ifomula elayishwe ngempumelelo,公式成功加载,公式成功加載,公式成功加載,Formula úspěšně naložil,Формула сәтті жүктелген,Fórmula carregada correctament,ಫಾರ್ಮುಲಾ ಯಶಸ್ವಿಯಾಗಿ ಲೋಡ್ ಮಾಡಲಾಗಿದೆ,Formula je uspješno učitana,រូបមន្តផ្ទុកដោយជោគជ័យ,Формула ийгиликтүү жүктөлгөн,சூத்திரம் வெற்றிகரமாக ஏற்றப்பட்டது,โหลดสูตรสำเร็จแล้ว,Formula başarıyla yüklendi,ఫార్ములా విజయవంతంగా లోడ్ చేయబడింది,ਫਾਰਮੂਲਾ ਸਫਲਤਾਪੂਰਵਕ ਲੋਡ ਹੋਇਆ,فرمول با موفقیت بارگذاری شد,Fórmula carregada com sucesso,Formuła ładowana pomyślnie,Formule chargée avec succès,Kaava ladattu onnistuneesti,Matagumpay na na-load ang formula,수식이 성공적으로로드되었습니다,A képlet sikeresen betöltött,נוסחה טעון בהצלחה,फॉर्मूला सफलतापूर्वक लोड किया गया
remove_this,Remove this formula?,Eliminar esta fórmula?,આ ફોર્મ્યુલા દૂર કરો?,Αφαιρέστε αυτόν τον τύπο;,Verwijder deze formule?,यो सूत्र हटाउनुहोस्?,Fjern denne formelen?,Fjern denne formel?,Entfernen Sie diese Formel?,ເອົາສູດນີ້ອອກ?,Noņemiet šo formulu?,Удалить эту формулу?,Îndepărtați această formulă?,Pašalinkite šią formulę?,हा सूत्र काढा?,Отстранете ја оваа формула?,ഈ ഫോർമുല നീക്കംചെയ്യണോ?,Keluarkan formula ini?,Keluarkan formula ini?,Энэ томъёог устгах уу?,Kendu formula hau?,ဒီပုံသေနည်းကိုဖယ်ရှား?,Loại bỏ công thức này?,Выдаліць гэтую формулу?,এই সূত্র মুছে ফেলুন?,Премахнете тази формула?,Уклоните ову формулу?,Ondoa fomu hii?,Ta bort den här formeln?,Eliminar esta fórmula?,Odstráňte tento vzorec?,Odstranite to formulo?,මෙම සූත්රය ඉවත් කරන්න?,إزالة هذه الصيغة؟,Հեռացրեք այս բանաձեւը:,Fjarlægðu þessa formúlu?,Bu düsturu çıxarın?,Verwyder hierdie formule?,Hiq këtë formulë?,ይህንን ቀመር ያስወግዱ?,Eemaldage see valem?,Remove this formula?,اس فارمولا کو ہٹا دیں؟,Видаліть цю формулу?,Rimuovi questa formula?,Hapus formula ini?,この式を削除しますか？,ამოიღეთ ეს ფორმულა?,Susa le formula?,删除此公式？,刪除此公式？,刪除此公式？,Vyjměte tento vzorec?,Осы формуланы алып тастайсыз ба?,Traieu aquesta fórmula?,ಈ ಸೂತ್ರವನ್ನು ತೆಗೆದುಹಾಕಿ?,Ukloniti ovu formulu?,យករូបមន្តនេះចេញ?,Бул формуланы алып салыңызбы?,இந்த சூத்திரத்தை நீக்கவா?,ลบสูตรนี้หรือไม่,Bu formülü kaldırın?,ఈ ఫార్ములాను తీసివేయాలా?,ਇਸ ਫਾਰਮੂਲੇ ਨੂੰ ਹਟਾਓ?,این فرمول را حذف کنید؟,Remova esta fórmula?,Usuń tę formułę?,Supprimer cette formule?,Poista tämä kaava?,Alisin ang formula na ito?,이 수식을 제거 하시겠습니까?,Távolítsa el ezt a képletet?,הסר נוסחה זו?,इस सूत्र को हटा दें?
formula_removed,Formula removed successfully,Fórmula eliminada con éxito,ફોર્મ્યુલા સફળતાપૂર્વક દૂર કર્યું,Ο φόρμουλα έχει αφαιρεθεί με επιτυχία,Formule is succesvol verwijderd,सूत्र सफलतापूर्वक हटाईयो,Formel fjernet vellykket,Formula fjernet succes,Formel erfolgreich entfernt,ສູດທີ່ຖືກກໍາຈັດຢ່າງສໍາເລັດຜົນ,Formula ir veiksmīgi noņemta,Формула удалена успешно,Formula a fost eliminată cu succes,Formulė sėkmingai pašalinta,फॉर्म्युला यशस्वीरित्या काढून टाकला,Формулата е успешно отстранета,ഫോർമുല വിജയകരമായി നീക്കംചെയ്തു,Formula dikeluarkan dengan jayanya,Formula dikeluarkan dengan jayanya,Томъёог амжилттай хассан,Formula behar bezala kendu da,ဖော်မြူလာအောင်မြင်စွာဖယ်ရှားခဲ့သည်,Công thức đã loại bỏ thành công,Формула паспяхова выдаляецца,সূত্র সফলভাবে সরানো,Формулата е премахната успешно,Формула је успешно уклоњена,Formula imeondolewa kwa mafanikio.,Formel borttagen framgångsrikt,Fórmula eliminada exitosamente,Vzorec úspešne,Formula uspešno odstrani,සූත්රය සාර්ථකව ඉවත් කර ඇත,صيغة إزالتها بنجاح,Բանաձեւը հաջողությամբ հանվեց,Formúla fjarlægð með góðum árangri,Formula uğurla çıxarıldı,Formule verwyder suksesvol,Formula hiqet me sukses,ቀመር በተሳካ ሁኔታ ተወግ,Valem eemaldati edukalt,Formula removed successfully,فارمولہ کامیابی سے ہٹا دیا,Формула видаляється успішно,Formula rimossa con successo,Formula berhasil dihapus,式が正常に削除されました,ფორმულა წარმატებით ამოიღეს,Ifomula isuswe ngempumelelo,成功删除了公式,成功刪除了公式,成功刪除了公式,Vzorec byl úspěšně odstraněn,Формула сәтті өтті,La fórmula es va retirar correctament,ಫಾರ್ಮುಲಾ ಯಶಸ್ವಿಯಾಗಿ ತೆಗೆದುಹಾಕಲಾಗಿದೆ,Formula je uspješno uklonjena,រូបមន្តបានដកចេញដោយជោគជ័យ,Формула ийгиликтүү алынып салынды,சூத்திரம் வெற்றிகரமாக நீக்கப்பட்டது,ลบสูตรเรียบร้อยแล้ว,Formül başarıyla kaldırıldı,ఫార్ములా విజయవంతంగా తొలగించబడింది,ਫਾਰਮੂਲਾ ਸਫਲਤਾਪੂਰਵਕ ਹਟਾ ਦਿੱਤਾ ਗਿਆ,فرمول با موفقیت حذف شد,Fórmula removida com sucesso,Formuła usunięta pomyślnie,Formule enlevée avec succès,Kaava poistetaan onnistuneesti,Matagumpay na inalis ang formula,수식이 성공적으로 제거되었습니다,A képlet sikeresen eltávolított,נוסחה הוסרה בהצלחה,सूत्र सफलतापूर्वक हटा दिया गया
save,save,SAVE.,સાચવવું,αποθηκεύσετε,opslaan,बचाउनु,lagre,Gemme,speichern,ປະຢັດ,ietaupīt,спасти,Salvați,sutaupyti,जतन करा,Зачувај,രക്ഷിക്കും,JIMAT,JIMAT,аврах,aurreztu,ကယ်ဆယ်,cứu,ратаваць,সংরক্ষণ,Save.,сачувати,Hifadhi,spara,ahorrar,uložiť,Shrani,සුරකින්න,حفظ,խնայել,vista,yadda saxla,spaar,shpëtoj,አስቀምጥ,säästa,save,بچت,урятувати,Salva,menyimpan,保存する,შენახვა,hlenga,节省,節省,節省,Uložit,жинау,estalviar,ಉಳಿಸು,uštedjeti,សរេង្គាហ,сактоо,சேமிக்கவும்,บันทึก,kaydetmek,సేవ్,ਸੇਵ,صرفه جویی,Salve ,zapisać,enregistrer,Tallentaa,I-save,저장,megment,לשמור,बचा ले
formula_list,saved formula list,Lista de fórmula gardada,સાચવેલ ફોર્મ્યુલા સૂચિ,Αποθηκευμένη λίστα τύπων,opgeslagen formule lijst,बचत गरिएको सूत्र सूची,Lagret formel liste,Gemt formel liste,Gespeicherte Formelliste,ບັນຊີລາຍຊື່ສູດທີ່ບັນທຶກໄວ້,Saglabāts formulas saraksts,Сохраненная формула списка,Lista de formulare salvată,Išsaugotos formulės sąrašas,जतन फॉर्म्युला यादी,Зачувана листа на формули,ഫോർമുല പട്ടിക സംരക്ഷിച്ചു,Senarai Formula yang Disimpan.,Senarai Formula yang Disimpan.,Хадгалсан томъёоны жагсаалт,Gorde formula zerrenda,Saved formula စာရင်း,Danh sách công thức đã lưu,Захаваны спіс формулы,সংরক্ষিত সূত্র তালিকা,Запален списък с формула,Сачувана листа формула,Orodha ya Mfumo iliyohifadhiwa,Sparad formelista,Lista de fórmulas guardadas,Zoznam vzorcov,Shranjeni seznam shranjenih formul,සූත්ර ලැයිස්තුව බේරා ගත්තේය,قائمة الفورمولا المحفوظة,Պահպանված բանաձեւերի ցուցակ,Vistað formúlu lista,Saxlanılan Formula siyahısı,GESTELDE FORMULA LIST,ruajtur listën e formulës,የተቀመጠ ቀመር ዝርዝር,Salvestatud valemite nimekiri,saved formula list,محفوظ فارمولہ فہرست,Збережений список формул,Elenco di formula salvato,Daftar Formula Tersimpan,保存された式リスト,შენახული ფორმულა სია,Uhlu lwefomula elondoloziwe,保存的公式列表,保存的公式列表,保存的公式列表,Uložený seznam vzorců,Сақталған формула тізімі,Llista de fórmules desades,ಉಳಿಸಿದ ಫಾರ್ಮುಲಾ ಪಟ್ಟಿ,Spremljeni popis formula,បញ្ជីរូបមន្តដែលបានរក្សាទុក,Сакталган формуланын тизмеси,சேமித்த ஃபார்முலா பட்டியல்,รายการสูตรที่บันทึกไว้,Kayıtlı Formula Listesi,సేవ్ చేయబడిన ఫార్ములా జాబితా,ਸੁਰੱਖਿਅਤ ਫਾਰਮੂਲਾ ਸੂਚੀ,لیست فرمول ذخیره شده,lista de fórmulas salvas,Zapisana lista formuły,Liste de formule enregistrée,Tallennettu kaavan luettelo,Naka-save na listahan ng formula,저장된 수식 목록,mentett képletlista,רשימת פורמולה שנשמרה,सहेजा गया सूत्र सूची
setting,setting,configuración.,સુયોજન,σύνθεση,instelling,सेप्ट गर्नु,omgivelser,indstilling,Einstellung,ການຕັ້ງຄ່າ,uzstādīšana,параметр,Setare,nustatymas,सेटिंग,Поставување,ക്രമീകരണം,menetapkan,menetapkan,тэмдэг,ezarpen,နေထွက်ခြင်း,thiết lập,уладаць,বিন্যাস,настройка,подешавање,kuweka,miljö,configuración,nastavenie,nastavitev,සැකසුම,ضبط,սահմանում,stilling,tənzimləmə,instelling,vendosje,ማቀናበር,seadistamine,setting,ترتیب,установка,collocamento,pengaturan.,setting,გარემოება,setha,环境,環境,環境,nastavení,салу,muntatge,ಸೆಟ್ಟಿಂಗ್,postavka,ការកំណត់,орнотуу,அமைத்தல்,การตั้งค่า,ayar,అమరిక,ਸੈਟਿੰਗ,تنظیمات,configuração,ustawienie,réglage,asetus,pagtatakda,환경,beállítás,הגדרה,स्थापना
calc_setting,Calc Setting,Configuración de Calc.,કેલ્કિંગ સેટિંગ,Ρύθμιση,Calc,क्याल्स सेट,Calc-innstilling,Beregnet indstilling,Calc-Einstellung.,ການຕັ້ງຄ່າ Calc,Calc iestatījumu,Установка Calc,Calc setare,CALC nustatymas,कॅल्क सेटिंग,Поставување на Calc.,കാൽക് ക്രമീകരണം,Setting Calc.,Setting Calc.,Тесийн хурал,Calc ezarpena,Calcing setting,Cài đặt Calc,Вапнаванне,ক্যালক সেটিং,Calc настройка,Цалц Сеттинг,Weka kuweka,Beräkningsinställning,Configuración de calc,Nastavenie vypočítania,Nastavitev,කැල්ක් සැකසුම,إعداد Calc.,Հաշվարկ,Calc stilling,Toplama,Calc Instelling,Calcting,የስም ቅንብሮች,Arvutatud seadistus,Calc Setting,کیلک کی ترتیب,Налаштування калькуляції,Calc Setting.,Pengaturan Calc.,カルシャル設定,Calc Setting,I-Calc Setting,计算环境,計算環境,計算環境,Konat nastavení,Қыру параметрі,Configuració de calc,ಕಲ್ಪಿಸು,Calc postavka,Calc,Калп,Calc அமைப்பு,การตั้งค่าการคำนวณ,Hesap ayarı,కాల్క్ సెట్టింగ్,ਕੈਲਕ ਸੈਟਿੰਗ,تنظیم کالک,Configuração do CALC.,Calk ustawienie,Réglage de calcul,Lasketus,Setting ng Calc,Calc 설정,Számított beállítás,הגדרת Calc.,कैलक सेटिंग
function_keyboard,Function keyboard color,Función Teclado Color.,કાર્ય કીબોર્ડ રંગ,Χρώμα πληκτρολογίου λειτουργίας,Functie toetsenbord kleur,कार्य किबोर्ड रंग,Funksjonstastatur Farge,Funktion tastatur farve.,Funktionstastaturfarbe,ເຮັດວຽກສີແປ້ນພິມ,Funkcijas tastatūras krāsa,Функция клавиатуры цвета,Culoarea tastaturii funcției,Funkcijos klaviatūros spalva,कार्य कीबोर्ड रंग,Функционална боја на тастатурата,കീബോർഡ് നിറം പ്രവർത്തിപ്പിക്കുക,Fungsi Warna papan kekunci,Fungsi Warna papan kekunci,Функцийн гарны өнгө,Funtzio teklatuaren kolorea,function keyboard အရောင်,Màu bàn phím chức năng,Функцыя Клавіятура Колер,ফাংশন কীবোর্ড রঙ,Функционална клавиатура Цвят,Функционална боја тастатуре,Kazi ya Kinanda ya Kazi.,Funktion Tangentbordsfärg,Color de teclado de función,Funkcia Klávesnica Farba,Funkcija tipkovnice Barva,යතුරුපුවරු වර්ණය ක්රියාත්මක කරන්න,وظيفة لوحة المفاتيح اللون,Գործառույթի ստեղնաշարի գույնը,Virka lyklaborð lit.,Funksiya klaviatura rəngi,Funksie sleutelbord kleur,Ngjyra e tastierës së funksionit,ተግባር የቁልፍ ሰሌዳ ቀለም,Funktsiooniklaviatuuri värv,Function keyboard color,فنکشن کی بورڈ کا رنگ,Функціональний колір клавіатури,Colore della tastiera della funzione,Fungsi Warna Keyboard.,機能キーボードの色,ფუნქციის კლავიატურა ფერი,Umbala wekhibhodi wekhibhodi,功能键盘颜色,功能鍵盤顏色,功能鍵盤顏色,Funkční klávesnice Color,Функция пернетақтасы,Funciona el color del teclat,ಕಾರ್ಯ ಕೀಬೋರ್ಡ್ ಬಣ್ಣ,Boju funkcije tipkovnice,មុខងារក្តារចុចក្តារចុច,Функция баскычтопун түсү,செயல்பாடு விசைப்பலகை நிறம்,ฟังก์ชั่นแป้นพิมพ์สี,Fonksiyon klavye rengi,కీబోర్డ్ రంగు ఫంక్షన్,ਫੰਕਸ਼ਨ ਕੀਬੋਰਡ ਰੰਗ,رنگ صفحه کلید تابع,Cor de teclado de função,Kolor klawiatury funkcji,Fonction de clavier de fonction,Toiminto näppäimistö väri,Kulay ng keyboard ng function,기능 키보드 색상,Funkció billentyűzet színe,פונקציה מקלדת צבע,कार्य कीबोर्ड रंग
calc_precision,Calc Precision,Calc Precision.,કેલ્ક ચોકસાઇ,Εκτυπωτή ακρίβεια,Calc Precision,क्याल यथार्थता,Calc presisjon,CALC PRECISION,Berechne Präzision.,ຄວາມແມ່ນຍໍາຂອງ Calc,Calc precizitāte,Точность Calc,Calc precizia,CALC tikslumas,कॅल्क परिशुद्धता,Прецизија на CACK.,കൃത്യത,Precision Calc.,Precision Calc.,Хяналтын нарийьчлал,Calc zehaztasuna,Calcision,Calc chính xác.,Прысоства,ক্যালক স্পষ্টতা,Calc Precision.,Цалц прецисион,Hati ya usahihi,Beräknings precision,Precisión de calc,Vypočítať presnosť,Calc natančnost,කැල්ක් නිරවද්යතාවය,alc الدقة,CACK ճշգրտություն,Calc Precision.,Kalkulyatorluq,Kalk akkuraatheid,Calc saktësi,የስራ ትክክለኛነት,Calc Precision,Calc Precision,کیلکولیشن,Точність,Calc Precision.,Calc Precision.,カルシャル精度,Calc სიზუსტე,Ukucaciswa kwe-calc,计算精度,計算精度,計算精度,Calc Precision.,Калькиялық дәлдік,Calc Precision,ಕ್ಯಾಲ್ಕ್ ನಿಖರತೆ,Calc preciznost,ភាពជាក់លាក់ Calc,Тактык,கால்க் துல்லியம்,Calc Precision,Calk hassasiyeti,కాల్క్ సున్నితత్వం,ਕੈਲਕ ਸ਼ੁੱਧਤਾ,دقت محاسبه,Calc precisão,Calc precyzja,Précision de calcul,Laske tarkkuus,Calc precision.,Calc Precision.,Célpontos pontosság,דיוק,कैल्क परिशुद्धता
brown,Brown,Brown.,ભૂરું,καφέ,bruin,खैरो,brun,Brun,Braun,ສີນ້ໍາຕານ,Brūns,коричневый,Maro,Brown.,तपकिरी,Браун,തവിട്ട്,Coklat,Coklat,Хүрэн,Marroi,ညိုသော,màu nâu,Карычнявы,বাদামী,Кафяв,Смеђа,Brown.,Brun,marrón,Hnedý,rjav,දුඹුරු,بنى,Շագանակագույն,Brúnt,Qəhvəyi,Verbruin,Ngjyrë kafe,ብናማ,Pruun,Brown,براؤن,Коричневий,Marrone,cokelat,茶色,ყავისფერი,-Nsundu,棕色的,棕色的,棕色的,Hnědý,Қоңыр,Marró,ಕಂದು ಬಣ್ಣ,Smeđi,ប៍នត្នោត,күрөң,பழுப்பு,สีน้ำตาล,Kahverengi,బ్రౌన్,ਭੂਰਾ,رنگ قهوه ای,marrom,brązowy,brun,Ruskea,Kayumanggi,갈색,Barna,חום,भूरा
black,Black,Black.,કાળો,Μαύρος,Zwart,अध्यारो,Svart,Sort,Schwarz,ດໍາ,Melns,Чернить,Negru,Black.,काळा,Црно,കറുത്ത,Hitam,Hitam,Хар,Beltz,မဲသော,Màu đen,Чорны,কালো,Черен,Црн,Nyeusi,Svart,Negro,čierna,Črna,කලු,أسود,Սեվ,Svart,Qara,Swart,I zi,ጥቁር,Must,Black,بلیک,Чорний,Nero,Hitam,黒,შავი,-Mnyama,黑色的,黑色的,黑色的,Černá,Қара,Negre,ಕಪ್ಪು,Crno,ខ្មៅ,Кара,கருப்பு,สีดำ,Siyah,నలుపు,ਕਾਲਾ,سیاه,Preto,Czarny,Le noir,Musta,Itim,검은 색,Fekete,שָׁחוֹר,काला
red,Red,vermello,લાલ,το κόκκινο,rood,रातो,rød,Rød,rot,ສີແດງ,sarkans,красный,roșu,Raudona,लाल,Црвено,ചുവപ്പായ,Merah,Merah,Улаан,Gorri,အနီေရာင်,màu đỏ,Чырвоны,লাল,червен,Црвено,Nyekundu,Röd,rojo,Červený,rdeča,රතු,أحمر,Կարմիր,Rautt,Qırmızı,Rooi,I kuq,ቀይ,Punane,Red,سرخ,Червоний,rosso,merah,赤,წითელი,-Bomvu,红色的,紅色的,紅色的,Červené,Қызыл,Vermell,ಕೆಂಪು,Crvena,រកហម,Кызыл,சிவப்பு,สีแดง,kırmızı,రెడ్డి,ਲਾਲ,قرمز,vermelho,czerwony,rouge,Punainen,Red.,빨간색,Piros,אָדוֹם,लाल
blue,Blue,Azul,વાદળી,Μπλε,Blauw,नीलो,Blå,Blå,Blau,ສີຟ້າ,Zils,Синий,Albastru,Mėlyna,निळा,Сина,നീലയായ,Biru,Biru,Хөх,Urdin,ပြာသော,Màu xanh dương,Блакітны,নীল,Син,Плави,Bluu.,Blå,Azul,Modrá,Modra,නිල්,أزرق,Կապույտ,Blár,Mavi,Blou,Blu,ሰማያዊ,Sinine,Blue,بلیو,Синій,Blu,Biru,青,ცისფერი,-Luhlaza okwesibhakabhaka,蓝色,藍色,藍色,Modrý,Көк,Blava,ನೀಲಿ,Plava,ប៍នផ្ទៃមេឃ,Көк,நீல,สีฟ้า,Mavi,నీలం,ਨੀਲਾ,آبی,Azul,Niebieski,Bleu,Sininen,Bughaw,파란색,Kék,כָּחוֹל,नीला
orange,Orange,Orange.,નારંગી,Πορτοκάλι,Oranje,सुन्तला रगको,oransje,orange,Orange,ສີສົ້ມ,apelsīns,апельсин,portocale,Oranžinė,ऑरेंज,Портокал,ഓറഞ്ച്,Orange.,Orange.,жүрж,Laranja,လိမ္မော်သီး,quả cam,Аранжавы,কমলা,Оранжево,Наранџаста,Orange.,Orange,naranja,Oranžový,Orange.,දොඩම්,البرتقالي,Նարնջի,Appelsínugult,Portağal,Lemoen,Portokalli,ብርቱካናማ,Oranž,Orange,کینو,Помаранчевий,arancia,jeruk,オレンジ,ფორთოხალი,iwolintshi,橘子,橘子,橘子,oranžový,апельсин,taronja,ಕಿತ್ತಳೆ,naranča,ប៍នសលាតមុ,ачык күрөң,ஆரஞ்சு,ส้ม,turuncu,నారింజ,ਸੰਤਰਾ,نارنجی,laranja,Pomarańczowy,Orange,Oranssi,Orange,주황색,narancssárga,תפוז,संतरा
number_keyboard,Number keyboard color,Color de teclado numérico.,નંબર કીબોર્ડ રંગ,Αριθμός χρώματος πληκτρολογίου,Aantal toetsenbordkleur,संख्या किबोर्ड रंग,Nummer tastaturfarge,Nummer tastatur farve.,Anzahl Tastaturfarbe,ສີແປ້ນພິມຈໍານວນ,Numuru tastatūras krāsa,Номерный цвет клавиатуры,Culoarea tastaturii numerice,Skaičių klaviatūros spalva,संख्या कीबोर्ड रंग,Број на тастатура боја,നമ്പർ കീബോർഡ് നിറം,Warna papan kekunci nombor,Warna papan kekunci nombor,Дугаарын гарны өнгө,Zenbakiaren teklatuaren kolorea,နံပါတ် keyboard အရောင်,Màu bàn phím số,Колькасны колер клавіятуры,সংখ্যা কীবোর্ড রঙ,Цвят на номера на клавиатурата,Број тастатуре,Nambari ya Kinanda ya Nambari.,Nummer tangentbordsfärg,Color de teclado numérico,Číslo Klávesnica Farba,Številka Barva tipkovnice,යතුරු පුවරුවේ වර්ණය අංක,رقم لوحة المفاتيح اللون,Ստեղնաշարի քանակի գույնը,Fjöldi lyklaborðs lit.,Sayı klaviatura rəngi,Getal sleutelbord kleur,Ngjyra e tastierës së numrit,ቁጥር ቁልፍ ሰሌዳ ቀለም,Number klaviatuuri värv,Number keyboard color,نمبر کی بورڈ کا رنگ,Номер клавіатурного кольору,Numero tastiera Colore,Warna nomor keyboard.,キーボードの色数,ნომერი კლავიატურა ფერი,Umbala wekhibhodi yenombolo,数字键盘颜色,數字鍵盤顏色,數字鍵盤顏色,Číslo klávesnice Color.,Нөмірдің сандық түсі,Color de teclat número,ಸಂಖ್ಯೆ ಕೀಬೋರ್ಡ್ ಬಣ್ಣ,Broj boja tipkovnice,ពណ៌ក្តារចុចលេខ,Сан баскычтобу,எண் விசைப்பலகை வண்ணம்,หมายเลขแป้นพิมพ์จำนวน,Sayı klavye rengi,సంఖ్య కీబోర్డ్ రంగు,ਨੰਬਰ ਕੀਬੋਰਡ ਰੰਗ,شماره صفحه کلید شماره,Cor do teclado numérico,Kolor klawiatury numer.,Numéro de couleur clavier,Numero näppäimistön väri,Numero ng Kulay ng Keyboard,번호 키보드 색상,Szám billentyűzet színe,צבע מקלדת צבע,संख्या कीबोर्ड रंग
calculator,calculator,Calculadora,ગણક,αριθμομηχανή,rekenmachine,हिसाब गर्ने मेशिन,kalkulator,lommeregner,Taschenrechner,ເຄື່ອງຄິດເລກ,kalkulators,калькулятор,calculator,skaičiuoklė,कॅल्क्युलेटर,калкулатор,കണക്കുകൂട്ടല് യന്തം,kalkulator.,kalkulator.,тооцоолуур,kalkulagailu,ရေတွက်ရန်ကိရိယာ,máy tính,калькулятар,ক্যালকুলেটর,Калкулатор,калкулатор,Calculator,kalkylator,calculadora,kalkulačka,Kalkulator,කැල්කියුලේටරය,آلة حاسبة,հաշվիչ,reiknivél,kalkulyator,sakrekenaar,kalkulator,ካልኩሌተር,kalkulaator,calculator,کیلکولیٹر,калькулятор,calcolatrice,Kalkulator,電卓,კალკულატორი,umshini wokubala,计算器,計算器,計算器,kalkulačka,калькулятор,calculadora,ಕ್ಯಾಲ್ಕುಲೇಟರ್,kalkulator,ម៉ាសីនកិតលេខ,калькулятор,கால்குலேட்டர்,เครื่องคิดเลข,hesap makinesi,కాలిక్యులేటర్,ਕੈਲਕੁਲੇਟਰ,ماشین حساب,calculadora,kalkulator,calculatrice,laskin,Calculator.,계산자,számológép,מַחשְׁבוֹן,कैलकुलेटर
load,download,Descarga,ડાઉનલોડ કરો,Κατεβάστε,gedownload,डाउनलोड गर्नुहोस्,nedlasting,Hent,herunterladen,ດາວໂຫລດ,lejupielāde,скачать,Descarca,parsisiųsti,डाउनलोड,Преземи,ഡൗൺലോഡ്,muat turun,muat turun,татаж авах,desengopen,ဒေါက်ဒေါင်း,Tải xuống,набываць,ডাউনলোড করুন,Изтегли,преузимање,Pakua,ladda ner,descargar,Stiahnuť ▼,Prenesi,බාගත,تحميل,Ներբեռնեք,sækja,Download,Aflaai,Shkarko,አውርድ,lae alla,download,ڈاؤن لوڈ کریں,завантажити,Scarica,Unduh.,ダウンロード,ძლეებ,thwebula,下载,下載,下載,stažení,сайлау,descarregar,ಡೌನ್ಲೋಡ್,preuzimanje datoteka,របចាបរេកា,жүктөө,பதிவிறக்க Tamil,ดาวน์โหลด,indirmek,డౌన్లోడ్,ਡਾਉਨਲੋਡ ਕਰੋ,دانلود,download,pobieranie,Télécharger,ladata,I-download,... 다운로드하기,Letöltés,הורד,डाउनलोड
end,End,Fin,અંત,Τέλος,Einde,समाप्ति,Slutt,Ende,Ende,ການລົງທ້າຍ,Beigt,Конец,Sfârșit,Galas,शेवट,Крај,അവസാനിക്കുന്നു,Akhirnya,Akhirnya,Төгсгөл,Amai,အဆုံး,Kết thúc,Канец,শেষ,Край,Крај,Mwisho,Slutet,Fin,Koniec,Konec,අවසානය,نهاية,Վերջ,Enda,Bitirmək,Einde,Fund,መጨረሻ,Lõpp,End,آخر,Кінець,Fine,Akhir,終わり,Დასასრული,Ukugcina,结尾,結尾,結尾,Konec,Соңы,Final,ಕೊನೆ,Kraj,តីបហ្ចប់,Аягы,முடிவு,จบ,Son,ముగింపు,ਅੰਤ,پایان,Fim,Kończyć się,Finir,Loppu,Dulo,끝,Vége,סוֹף,समाप्त
end_app,Are you sure you want to close the app?,Estás seguro de que queres pechar a aplicación?,શું તમે ખરેખર એપ્લિકેશનને બંધ કરવા માંગો છો?,Είστε βέβαιοι ότι θέλετε να κλείσετε την εφαρμογή;,Weet je zeker dat je de app wilt sluiten?,के तपाईं पक्का अनुप्रयोग बन्द गर्न निश्चित हुनुहुन्छ?,Er du sikker på at du vil lukke appen?,"Er du sikker på, at du vil lukke appen?","Möchten Sie sicher, dass Sie die App schließen möchten?",ທ່ານແນ່ໃຈບໍ່ວ່າທ່ານຕ້ອງການປິດແອັບ??,"Vai esat pārliecināts, ka vēlaties aizvērt lietotni?","Вы уверены, что хотите закрыть приложение?",Sigur doriți să închideți aplicația?,Ar tikrai norite uždaryti programą?,आपणास खात्री आहे की आपण अॅप बंद करू इच्छिता?,Дали сте сигурни дека сакате да ја затворите апликацијата?,അപ്ലിക്കേഷൻ അടയ്ക്കണമെന്ന് നിങ്ങൾക്ക് ഉറപ്പാണോ?,Adakah anda pasti mahu menutup aplikasinya?,Adakah anda pasti mahu menutup aplikasinya?,Та апп-ыг хаахыг хүсч байна уу?,Ziur aplikazioa itxi nahi duzula?,သင် app ကိုပိတ်ချင်ပါသလား။,Bạn có chắc chắn muốn đóng ứng dụng?,"Вы ўпэўненыя, што вы хочаце, каб закрыць прыкладанне?",আপনি কি অ্যাপটি বন্ধ করতে চান?,"Сигурни ли сте, че искате да затворите приложението?",Јесте ли сигурни да желите да затворите апликацију?,Una uhakika unataka kufunga programu?,Är du säker på att du vill stänga appen?,¿Estás seguro de que quieres cerrar la aplicación?,"Ste si istý, že chcete uzavrieť aplikáciu?","Ali ste prepričani, da želite zapreti aplikacijo?",ඔබට යෙදුම වසා දැමීමට අවශ්ය බව ඔබට විශ්වාසද?,هل أنت متأكد أنك تريد إغلاق التطبيق؟,"Համոզված եք, որ ցանկանում եք փակել ծրագիրը:",Ertu viss um að þú viljir loka forritinu?,Tətbiqi bağlamaq istədiyinizə əminsiniz?,Is jy seker jy wil die program sluit?,A jeni i sigurt që dëshironi të mbyllni aplikacionin?,እርግጠኛ ነዎት መተግበሪያውን ለመዝጋት ይፈልጋሉ?,"Kas olete kindel, et soovite rakenduse sulgeda?",Are you sure you want to close the app?,کیا آپ کو یقین ہے کہ آپ اپلی کیشن کو بند کرنا چاہتے ہیں؟,"Ви впевнені, що хочете закрити додаток?",Sei sicuro di voler chiudere l'app?,Apakah Anda yakin ingin menutup aplikasi?,あなたはアプリを閉じてよろしいですか？,"დარწმუნებული ხართ, რომ გსურთ აპლიკაციის დახურვა?",Uqinisekile ukuthi ufuna ukuvala uhlelo lokusebenza?,您确定要关闭应用程序吗？,您確定要關閉應用程序嗎？,您確定要關閉應用程序嗎？,Opravdu chcete aplikaci zavřít?,Сіз қолданбаны жабатындығыңызға сенімдісіз бе?,Esteu segur que voleu tancar l'aplicació?,ನೀವು ಅಪ್ಲಿಕೇಶನ್ ಅನ್ನು ಮುಚ್ಚಲು ಬಯಸುವಿರಾ?,Jeste li sigurni da želite zatvoriti aplikaciju?,តើអ្នកពិតជាចង់បិទកម្មវិធីមែនទេ?,Сиз колдонмону жабууну каалайсызбы?,நீங்கள் பயன்பாட்டை மூட விரும்புகிறீர்களா?,คุณแน่ใจหรือว่าต้องการปิดแอป,Uygulamayı kapatmak istediğinize emin misiniz?,మీరు అనువర్తనాన్ని మూసివేయాలనుకుంటున్నారా?,ਕੀ ਤੁਹਾਨੂੰ ਯਕੀਨ ਹੈ ਕਿ ਤੁਸੀਂ ਐਪ ਨੂੰ ਬੰਦ ਕਰਨਾ ਚਾਹੁੰਦੇ ਹੋ?,آیا مطمئن هستید که میخواهید برنامه را ببندید؟,Tem certeza de que quer fechar o aplicativo?,Czy na pewno chcesz zamknąć aplikację?,Êtes-vous sûr de vouloir fermer l'application?,Haluatko varmasti sulkea sovelluksen?,Sigurado ka bang gusto mong isara ang app?,앱을 닫으시겠습니까?,"Biztos benne, hogy bezárja az alkalmazást?",האם אתה בטוח שברצונך לסגור את האפליקציה?,क्या आप वाकई ऐप को बंद करना चाहते हैं?
history,formula history,Historia da fórmula,સૂત્ર ઇતિહાસ,Ιστορικό φόρμουλας,Formule Geschiedenis,सूत्र इतिहास,formel historie,Formel History.,Formelgeschichte,ປະຫວັດສູດ,Formula vēsture,История формулы,Formula Istoric.,Formulės istorija,फॉर्म्युला इतिहास,Историја на формула,ഫോർമുല ചരിത്രം,Sejarah Formula,Sejarah Formula,Формулагийн түүх,Formularen historia,ဖော်မြူလာသမိုင်း,Lịch sử công thức,Формула Гісторыя,সূত্র ইতিহাস,История на формулата,Историја формула,Historia ya Mfumo,Formel History,Historia de la fórmula,História vzorca,Zgodovina formule,සූත්ර ඉතිහාසය,صيغة التاريخ,բանաձեւի պատմություն,formúlu saga,Formula tarixi,Formule Geskiedenis,Historia e Formulës,ቀመር ታሪክ,Valemi ajalugu,formula history,فارمولہ تاریخ,Історія формули,Storia della formula,sejarah formula,式の歴史,ფორმულა ისტორია,umlando wefomula,公式历史记录,公式歷史記錄,公式歷史記錄,Historie vzorce,Формула тарихы,Història de la fórmula,ಫಾರ್ಮುಲಾ ಇತಿಹಾಸ,povijest formule,ប្រវត្តិរូបមន្ត,Формула тарыхы,ஃபார்முலா வரலாறு,ประวัติศาสตร์สูตร,Formül Tarihi,ఫార్ములా చరిత్ర,ਫਾਰਮੂਲਾ ਇਤਿਹਾਸ,تاریخ فرمول,História da fórmula,Historia formuły,Historique de la formule,Kaavan historia,Kasaysayan ng Formula,수식 기록,Formula történelem,היסטוריה של פורמולה,सूत्र इतिहास